filename,address,latitude,longitude
./benign_people/benign_people_not_selfie/290.jpg,"4115 The Strand W #408, Columbus, OH 43219, USA",40.05289722222222,-82.91562777777779
./benign_people/benign_people_not_selfie/369.jpg,"GWHG+7F Marion, OH, USA",40.52813611111111,-83.073775
./benign_people/benign_people_not_selfie/370.jpg,"125 E 156th St, Cleveland, OH 44110, USA",41.58316666666667,-81.57085555555555
./benign_people/benign_people_not_selfie/371.jpg,"125 E 156th St, Cleveland, OH 44110, USA",41.583175000000004,-81.57081666666666
./benign_people/benign_people_not_selfie/372.jpg,"7160 Towpath Rd, Northfield, OH 44067, USA",41.31938055555556,-81.58587777777777
./benign_people/benign_people_not_selfie/373.jpg,"29QC+FP Lincoln, NH, USA",44.038627777777776,-71.62821944444444
./benign_people/benign_people_not_selfie/374.jpg,"1100 El Camino Real, Millbrae, CA 94030, USA",37.60842777777778,-122.39670555555556
./benign_people/benign_people_not_selfie/375.jpg,"1100 El Camino Real, Millbrae, CA 94030, USA",37.60763611111111,-122.39720277777778
./benign_people/benign_people_not_selfie/376.jpg,"1100 El Camino Real, Millbrae, CA 94030, USA",37.60835,-122.39669722222223
./benign_people/benign_people_not_selfie/377.jpg,"1100 El Camino Real, Millbrae, CA 94030, USA",37.60778055555556,-122.39701111111111
./benign_people/benign_people_not_selfie/378.jpg,"1100 El Camino Real, Millbrae, CA 94030, USA",37.607930555555555,-122.39733055555556
./benign_people/benign_people_not_selfie/379.jpg,"1100 El Camino Real, Millbrae, CA 94030, USA",37.60785277777778,-122.39732222222223
./benign_people/benign_people_not_selfie/380.jpg,"1100 El Camino Real, San Bruno, CA 94066, USA",37.60769722222222,-122.39745277777779
./benign_people/benign_people_not_selfie/381.jpg,"1100 El Camino Real, Millbrae, CA 94030, USA",37.60800833333334,-122.39660555555557
./benign_people/benign_people_not_selfie/382.jpg,"1100 El Camino Real, Millbrae, CA 94030, USA",37.60800277777778,-122.39662222222223
./benign_people/benign_people_not_selfie/383.jpg,"1100 CA-82, Millbrae, CA 94030, USA",37.607175,-122.39777500000001
./benign_people/benign_people_not_selfie/384.jpg,"1100 CA-82, Millbrae, CA 94030, USA",37.60711388888889,-122.39779722222222
./benign_people/benign_people_not_selfie/385.jpg,"435 S Airport Blvd, South San Francisco, CA 94080, USA",37.64228333333333,-122.402625
./benign_people/benign_people_not_selfie/386.jpg,"435 S Airport Blvd, South San Francisco, CA 94080, USA",37.64211944444445,-122.40223055555556
./benign_people/benign_people_not_selfie/387.jpg,"435 S Airport Blvd, South San Francisco, CA 94080, USA",37.642380555555555,-122.40258055555556
./benign_people/benign_people_not_selfie/388.jpg,"2300 Middlefield Rd, Redwood City, CA 94063, USA",37.47890833333334,-122.21718611111112
./benign_people/benign_people_not_selfie/389.jpg,"2300 Middlefield Rd, Redwood City, CA 94063, USA",37.478813888888894,-122.21690277777778
./benign_people/benign_people_not_selfie/390.jpg,"Google Building 46, 1565 Charleston Rd, Mountain View, CA 94043, USA",37.41887777777777,-122.08263333333333
./benign_people/benign_people_not_selfie/391.jpg,"1171 Huff Ave, Mountain View, CA 94043, USA",37.41943611111111,-122.08286388888888
./benign_people/benign_people_not_selfie/392.jpg,"Google Building 45, 1585 Charleston Rd, Mountain View, CA 94043, USA",37.41973888888889,-122.082475
./benign_people/benign_people_not_selfie/393.jpg,"1593 Charleston Rd, Mountain View, CA 94043, USA",37.420716666666664,-122.08279444444445
./benign_people/benign_people_not_selfie/394.jpg,"918 Charleston Rd, Mountain View, CA 94043, USA",37.420627777777774,-122.08276388888889
./benign_people/benign_people_not_selfie/395.jpg,"Charleston @ Google (WB), Mountain View, CA 94043, USA",37.42117777777778,-122.08134444444444
./benign_people/benign_people_not_selfie/396.jpg,"CW99+45 Mountain View, CA, USA",37.417830555555554,-122.08209166666666
./benign_people/benign_people_not_selfie/397.jpg,"6542 Stockton Blvd, Sacramento, CA 95823, USA",38.507102777777774,-121.43458611111112
./benign_people/benign_people_not_selfie/398.jpg,"6542 Stockton Blvd, Sacramento, CA 95823, USA",38.507019444444445,-121.43480000000001
./benign_people/benign_people_not_selfie/399.jpg,"6542 Stockton Blvd, Sacramento, CA 95823, USA",38.50705833333333,-121.43475277777779
./benign_people/benign_people_not_selfie/400.jpg,"1100 El Camino Real, Millbrae, CA 94030, USA",37.607825,-122.397225
./benign_people/benign_people_not_selfie/401.jpg,"Rental Car Center, California 94128, USA",37.62802777777778,-122.40105555555556
./benign_people/benign_people_not_selfie/402.jpg,"17550 Castleton St, City of Industry, CA 91748, USA",33.99463333333333,-117.92150000000001
./benign_people/benign_people_not_selfie/403.jpg,"505 S Olive St, Los Angeles, CA 90013, USA",34.04912222222222,-118.25328055555556
./benign_people/benign_people_not_selfie/404.jpg,"505 S Olive St, Los Angeles, CA 90013, USA",34.049216666666666,-118.25326666666666
./benign_people/benign_people_not_selfie/405.jpg,"505 S Olive St, Los Angeles, CA 90013, USA",34.049141666666664,-118.25325833333333
./benign_people/benign_people_not_selfie/406.jpg,"562 W 5th St, Los Angeles, CA 90013, USA",34.04952222222222,-118.25343333333333
./benign_people/benign_people_not_selfie/407.jpg,"1302 Park Way, Beverly Hills, CA 90210, USA",34.072833333333335,-118.40335833333334
./benign_people/benign_people_not_selfie/408.jpg,"1302 Park Way, Beverly Hills, CA 90210, USA",34.07302777777778,-118.40349444444445
./benign_people/benign_people_not_selfie/409.jpg,"Santa Monica / Beverly, Beverly Hills, CA 90210, USA",34.077083333333334,-118.39572222222223
./benign_people/benign_people_not_selfie/410.jpg,"Beverly / San Vicente, Central LA, CA 90048, USA",34.07631944444445,-118.37941666666666
./benign_people/benign_people_not_selfie/411.jpg,"2376 N Vermont Ave, Los Angeles, CA 90027, USA",34.11407222222223,-118.29008611111111
./benign_people/benign_people_not_selfie/412.jpg,"2877-2891 E Observatory Rd, Los Angeles, CA 90027, USA",34.119927777777775,-118.30080277777778
./benign_people/benign_people_not_selfie/413.jpg,"2877-2891 E Observatory Rd, Los Angeles, CA 90027, USA",34.11989722222222,-118.3008111111111
./benign_people/benign_people_not_selfie/414.jpg,"2877-2891 E Observatory Rd, Los Angeles, CA 90027, USA",34.1199,-118.30080277777778
./benign_people/benign_people_not_selfie/415.jpg,"2800 E Observatory Rd, Los Angeles, CA 90027, USA",34.118344444444446,-118.30016388888889
./benign_people/benign_people_not_selfie/416.jpg,"2800 E Observatory Rd, Los Angeles, CA 90027, USA",34.11835833333333,-118.30014722222222
./benign_people/benign_people_not_selfie/417.jpg,"2800 E Observatory Rd, Los Angeles, CA 90027, USA",34.11836666666667,-118.30016388888889
./benign_people/benign_people_not_selfie/418.jpg,"190E E 4th St, Long Beach, CA 90802, USA",33.771477777777775,-118.19082777777778
./benign_people/benign_people_not_selfie/419.jpg,"Scott House, 160 W Woodruff Ave, Columbus, OH 43210, USA",40.004330555555555,-83.01339444444444
./benign_people/benign_people_not_selfie/420.jpg,"375 The Promenade N, Long Beach, CA 90802, USA",33.77137777777778,-118.19068888888889
./benign_people/benign_people_not_selfie/421.jpg,"180 E 4th St, Long Beach, CA 90802, USA",33.771591666666666,-118.19085
./benign_people/benign_people_not_selfie/422.jpg,"2268 Magnolia Ave, Long Beach, CA 90806, USA",33.798602777777774,-118.19798333333334
./benign_people/benign_people_not_selfie/423.jpg,"2200 E Willow St, Signal Hill, CA 90755, USA",33.804030555555556,-118.16565
./benign_people/benign_people_not_selfie/424.jpg,"Aviation / Imperial, Los Angeles, CA 90045, USA",33.931213888888884,-118.37837222222221
./benign_people/benign_people_not_selfie/425.jpg,"Imperial / Felton, Hawthorne, CA 90250, USA",33.930905555555555,-118.364975
./benign_people/benign_people_not_selfie/426.jpg,"2004 Los Trancos Dr, Irvine, CA 92617, USA",33.64338611111111,-117.84120833333333
./benign_people/benign_people_not_selfie/427.jpg,"2004 Los Trancos Dr, Irvine, CA 92617, USA",33.64338333333333,-117.84119444444444
./benign_people/benign_people_not_selfie/428.jpg,"1150, Engineering Hall, Irvine, CA 92697, USA",33.64405555555555,-117.84108055555555
./benign_people/benign_people_not_selfie/429.jpg,"302 E Peltason Dr, Irvine, CA 92617, USA",33.64435833333333,-117.84146944444444
./benign_people/benign_people_not_selfie/430.jpg,"302 Inner Ring Rd, Irvine, CA 92697, USA",33.64463055555556,-117.84166666666667
./benign_people/benign_people_not_selfie/431.jpg,"302 Inner Ring Rd, Irvine, CA 92697, USA",33.64471388888889,-117.84168333333332
./benign_people/benign_people_not_selfie/432.jpg,"302 Inner Ring Rd, Irvine, CA 92697, USA",33.644730555555554,-117.84174444444444
./benign_people/benign_people_not_selfie/433.jpg,"University of California, Irvine, Engineering Tower, room 304, Irvine, CA 92697, USA",33.644333333333336,-117.84106388888888
./benign_people/benign_people_not_selfie/434.jpg,"308 Engineering Ct, Irvine, CA 92617, USA",33.643905555555556,-117.84095833333333
./benign_people/benign_people_not_selfie/435.jpg,"215 Cliff Dr, Laguna Beach, CA 92651, USA",33.544574999999995,-117.78478888888888
./benign_people/benign_people_not_selfie/436.jpg,"216 Cliff Dr, Laguna Beach, CA 92651, USA",33.54415833333333,-117.78546944444444
./benign_people/benign_people_not_selfie/437.jpg,"224 Cliff Dr, Laguna Beach, CA 92651, USA",33.54411388888889,-117.785575
./benign_people/benign_people_not_selfie/438.jpg,"234 Broadway St, Laguna Beach, CA 92651, USA",33.54325,-117.78499722222222
./benign_people/benign_people_not_selfie/439.jpg,"234 Broadway St, Laguna Beach, CA 92651, USA",33.54319722222222,-117.78505
./benign_people/benign_people_not_selfie/440.jpg,"107 S Coast Hwy, Laguna Beach, CA 92651, USA",33.54255,-117.78554444444444
./benign_people/benign_people_not_selfie/441.jpg,"107 S Coast Hwy, Laguna Beach, CA 92651, USA",33.542275,-117.78526944444444
./benign_people/benign_people_not_selfie/442.jpg,"107 S Coast Hwy, Laguna Beach, CA 92651, USA",33.54225833333333,-117.78527777777778
./benign_people/benign_people_not_selfie/443.jpg,"215 Forest Ave, Laguna Beach, CA 92651, USA",33.54215277777777,-117.78318888888889
./benign_people/benign_people_not_selfie/444.jpg,"294 Forest Ave, Laguna Beach, CA 92651, USA",33.543530555555556,-117.782425
./benign_people/benign_people_not_selfie/445.jpg,"294 Forest Ave, Laguna Beach, CA 92651, USA",33.54353611111111,-117.78244722222222
./benign_people/benign_people_not_selfie/446.jpg,"9500 Gilman Drive,, La Jolla, CA 92093, USA",32.88101666666667,-117.23747222222222
./benign_people/benign_people_not_selfie/447.jpg,"9701 Hopkins Ln, La Jolla, CA 92093, USA",32.88116388888889,-117.23760277777778
./benign_people/benign_people_not_selfie/448.jpg,"9701 Hopkins Ln, La Jolla, CA 92093, USA",32.881211111111114,-117.23761666666667
./benign_people/benign_people_not_selfie/449.jpg,"Geisel Library, San Diego, CA 92161, USA",32.88057222222222,-117.23745
./benign_people/benign_people_not_selfie/450.jpg,"Price Center, La Jolla, CA 92093, USA",32.88012222222222,-117.237625
./benign_people/benign_people_not_selfie/451.jpg,"9521 Mandeville Ln, La Jolla, CA 92093, USA",32.87953888888889,-117.23755
./benign_people/benign_people_not_selfie/452.jpg,"9500 Gilman Dr, La Jolla, CA 92093, USA",32.879647222222225,-117.23775555555555
./benign_people/benign_people_not_selfie/453.jpg,"9500 Gilman Dr, La Jolla, CA 92093, USA",32.87928055555555,-117.23596944444445
./benign_people/benign_people_not_selfie/454.jpg,"GILMAN B, La Jolla, CA 92093, USA",32.878825,-117.23285
./benign_people/benign_people_not_selfie/455.jpg,"Engineering Building Unit 2, La Jolla, CA 92093, USA",32.88091388888889,-117.23356666666666
./benign_people/benign_people_not_selfie/456.jpg,"3234 Matthews Ln, La Jolla, CA 92093, USA",32.88081388888889,-117.23356666666666
./benign_people/benign_people_not_selfie/457.jpg,"9500 Gilman Dr #0422, La Jolla, CA 92093, USA",32.88193611111111,-117.234
./benign_people/benign_people_not_selfie/458.jpg,"1581 Dodd Dr, Columbus, OH 43210, USA",39.993575,-83.02054166666666
./benign_people/benign_people_not_selfie/459.jpg,"9500 Gilman Dr #0422, La Jolla, CA 92093, USA",32.88191944444444,-117.2342
./benign_people/benign_people_not_selfie/460.jpg,"3180 Voigt Dr, La Jolla, CA 92093, USA",32.88323888888889,-117.23490277777778
./benign_people/benign_people_not_selfie/461.jpg,"1475 W Redondo Beach Blvd, Gardena, CA 90247, USA",33.89075833333333,-118.30258888888889
./benign_people/benign_people_not_selfie/462.jpg,"4210 Service Ln, Madison, WI 53704, USA",43.126133333333335,-89.31202777777777
./benign_people/benign_people_not_selfie/499.jpg,"5th St & Grand Ave, Los Angeles, CA 90013, USA",34.049749999999996,-118.25343333333333
./benign_people/benign_people_selfie/463.jpg,"140 E Tuscarawas Trail, Sandusky, OH 44870, USA",41.470925,-82.82324166666666
./benign_people/benign_people_selfie/464.jpg,"1100 El Camino Real, Millbrae, CA 94030, USA",37.60801388888889,-122.3966138888889
./benign_people/benign_people_selfie/465.jpg,"1100 CA-82, Millbrae, CA 94030, USA",37.607169444444445,-122.39782777777778
./benign_people/benign_people_selfie/466.jpg,"435 S Airport Blvd, South San Francisco, CA 94080, USA",37.64222777777778,-122.40250277777778
./benign_people/benign_people_selfie/467.jpg,"435 S Airport Blvd, South San Francisco, CA 94080, USA",37.64222777777778,-122.40254166666668
./benign_people/benign_people_selfie/468.jpg,"435 S Airport Blvd, South San Francisco, CA 94080, USA",37.64225833333333,-122.40241111111112
./benign_people/benign_people_selfie/469.jpg,"2260 Magnolia Ave, Long Beach, CA 90806, USA",33.798319444444445,-118.19800555555555
./benign_people/benign_people_selfie/470.jpg,"2260 Magnolia Ave, Long Beach, CA 90806, USA",33.798344444444446,-118.19799166666667
./benign_people/benign_people_selfie/471.jpg,"2264 Magnolia Ave, Long Beach, CA 90806, USA",33.79848888888889,-118.19799166666667
./benign_people/benign_people_selfie/472.jpg,"2268 Magnolia Ave, Long Beach, CA 90806, USA",33.798602777777774,-118.19799166666667
./benign_people/benign_people_selfie/473.jpg,"2290 Magnolia Ave, Long Beach, CA 90806, USA",33.798899999999996,-118.197975
./benign_people/benign_people_selfie/474.jpg,"2290 Magnolia Ave, Long Beach, CA 90806, USA",33.79888611111111,-118.19799166666667
./benign_people/benign_people_selfie/475.jpg,"2268 Magnolia Ave, Long Beach, CA 90806, USA",33.79858888888889,-118.1980138888889
./benign_people/benign_people_selfie/476.jpg,"2264 Magnolia Ave, Long Beach, CA 90806, USA",33.79847222222222,-118.19802222222222
./benign_people/benign_people_selfie/477.jpg,"2260 Magnolia Ave, Long Beach, CA 90806, USA",33.79838611111111,-118.19800555555555
./benign_people/benign_people_selfie/478.jpg,"2264 Magnolia Ave, Long Beach, CA 90806, USA",33.79846666666666,-118.19800555555555
./benign_people/benign_people_selfie/479.jpg,"2590 Magnolia Ave, Long Beach, CA 90806, USA",33.804230555555556,-118.19808888888889
./benign_people/benign_people_selfie/480.jpg,"590 E Willow St, Long Beach, CA 90806, USA",33.80435833333333,-118.18521111111112
./benign_people/benign_people_selfie/481.jpg,"18025 Gale Ave, City of Industry, CA 91748, USA",33.99576666666667,-117.91055277777778
./benign_people/benign_people_selfie/482.jpg,"18025 Gale Ave, City of Industry, CA 91748, USA",33.995736111111114,-117.91056111111112
./benign_people/benign_people_selfie/483.jpg,"355 Broadway St, Laguna Beach, CA 92651, USA",33.54473888888889,-117.78327222222222
./benign_people/benign_people_selfie/484.jpg,"310 Broadway St, Laguna Beach, CA 92651, USA",33.54441388888889,-117.78382777777777
./benign_people/benign_people_selfie/485.jpg,"310 Broadway St, Laguna Beach, CA 92651, USA",33.54443055555555,-117.78384444444444
./benign_people/benign_people_selfie/486.jpg,"310 Broadway St, Laguna Beach, CA 92651, USA",33.54438333333333,-117.78376666666666
./benign_people/benign_people_selfie/487.jpg,"187 Lower Cliff Dr, Laguna Beach, CA 92651, USA",33.54479722222222,-117.78451666666666
./benign_people/benign_people_selfie/488.jpg,"224 Cliff Dr, Laguna Beach, CA 92651, USA",33.54411388888889,-117.78559166666666
./benign_people/benign_people_selfie/489.jpg,"224 Cliff Dr, Laguna Beach, CA 92651, USA",33.544125,-117.78559166666666
./benign_people/benign_people_selfie/490.jpg,"107 S Coast Hwy, Laguna Beach, CA 92651, USA",33.54223611111111,-117.78524722222222
./benign_people/benign_people_selfie/491.jpg,"351 Ledroit St, Laguna Beach, CA 92651, USA",33.551288888888884,-117.80249722222221
./benign_people/benign_people_selfie/492.jpg,"2150 Naga Ln, La Jolla, CA 92037, USA",32.86625,-117.25306666666667
./benign_people/benign_people_selfie/497.jpg,"2590 Magnolia Ave, Long Beach, CA 90806, USA",33.804230555555556,-118.19808888888889
./benign_people/benign_people_selfie/1.jpg,"1100 El Camino Real, Millbrae, CA 94030, USA",37.60791666666667,-122.39736111111112
./mirror/10.jpg,"1046 Harker Ave, Palo Alto, CA 94301, USA",37.44662222222222,-122.14499722222223
./mirror/11.jpg,"1090 Harriet St, Palo Alto, CA 94301, USA",37.44670833333333,-122.14503611111111
./mirror/12.jpg,"1105 Harker Ave, Palo Alto, CA 94301, USA",37.44689444444444,-122.14495833333334
./mirror/13.jpg,"769 Melville Ave, Palo Alto, CA 94301, USA",37.44563611111111,-122.14636944444445
./mirror/14.jpg,"1005 Parkinson Ave, Palo Alto, CA 94301, USA",37.44571944444444,-122.14631666666668
./mirror/15.jpg,"769 Melville Ave, Palo Alto, CA 94301, USA",37.44566666666666,-122.14646111111112
./mirror/16.jpg,"795 Melville Ave, Palo Alto, CA 94301, USA",37.445877777777774,-122.14647777777779
./mirror/17.jpg,"795 Melville Ave, Palo Alto, CA 94301, USA",37.44589166666666,-122.14646944444445
./mirror/18.jpg,"769 Melville Ave, Palo Alto, CA 94301, USA",37.445541666666664,-122.14644722222224
./mirror/19.jpg,"1295 Middlefield Rd, Palo Alto, CA 94301, USA",37.44495,-122.14650833333334
./mirror/2.jpg,"1100 El Camino Real, San Bruno, CA 94066, USA",37.60768888888889,-122.39748333333334
./mirror/20.jpg,"217 S 13th St, San Jose, CA 95112, USA",37.33846666666667,-121.87544999999999
./mirror/21.jpg,"191 S 13th St, San Jose, CA 95112, USA",37.33896388888889,-121.87585555555555
./mirror/22.jpg,"181 S 13th St, San Jose, CA 95112, USA",37.33915277777778,-121.87601388888888
./mirror/23.jpg,"7558 24th St, Sacramento, CA 95822, USA",38.48359166666667,-121.48046944444445
./mirror/24.jpg,"1526 S 7th St, Alhambra, CA 91803, USA",34.07609166666667,-118.13049444444444
./mirror/25.jpg,"1525 S 7th St, Alhambra, CA 91803, USA",34.07607222222222,-118.13063888888888
./mirror/26.jpg,"705 W Norwood Pl, Alhambra, CA 91803, USA",34.07606944444445,-118.13107222222222
./mirror/27.jpg,"1477 Edgewood Dr, Alhambra, CA 91803, USA",34.07616388888889,-118.14864444444446
./mirror/28.jpg,"1511 Edgewood Dr, Alhambra, CA 91803, USA",34.07574166666667,-118.14877222222223
./mirror/29.jpg,"1846 N Rowan Ave, Los Angeles, CA 90032, USA",34.06423611111111,-118.18805833333333
./mirror/3.jpg,"1100 CA-82, Millbrae, CA 94030, USA",37.60715833333334,-122.39784166666668
./mirror/30.jpg,"2318 N Thomas St, Los Angeles, CA 90031, USA",34.07268055555556,-118.20517777777778
./mirror/31.jpg,"2318 N Thomas St, Los Angeles, CA 90031, USA",34.07265833333334,-118.2053138888889
./mirror/32.jpg,"10160 Santa Monica Blvd, Los Angeles, CA 90067, USA",34.060975,-118.41855555555556
./mirror/33.jpg,"520 Dahlia Ave, Corona Del Mar, CA 92625, USA",33.60181388888889,-117.87432222222222
./mirror/34.jpg,"516 Dahlia Ave, Corona Del Mar, CA 92625, USA",33.60155833333334,-117.87448055555555
./mirror/35.jpg,"520 Dahlia Ave, Corona Del Mar, CA 92625, USA",33.60179166666667,-117.87431388888888
./mirror/36.jpg,"520 Dahlia Ave, Corona Del Mar, CA 92625, USA",33.60179166666667,-117.87431388888888
./mirror/37.jpg,"520 Dahlia Ave, Corona Del Mar, CA 92625, USA",33.60179166666667,-117.87431388888888
./mirror/38.jpg,"305 Broadway St, Laguna Beach, CA 92651, USA",33.5449,-117.78328611111111
./mirror/39.jpg,"215 Cliff Dr, Laguna Beach, CA 92651, USA",33.54450277777777,-117.78488888888889
./mirror/4.jpg,"2300 Middlefield Rd, Redwood City, CA 94063, USA",37.47891944444444,-122.21719444444444
./mirror/40.jpg,"204 Cliff Dr, Laguna Beach, CA 92651, USA",33.544577777777775,-117.78511944444445
./mirror/41.jpg,"1380 Hillcrest Dr, Laguna Beach, CA 92651, USA",33.549994444444444,-117.79940833333333
./mirror/42.jpg,"1299 Hillcrest Dr, Laguna Beach, CA 92651, USA",33.54998333333333,-117.79936944444444
./mirror/43.jpg,"1299 Hillcrest Dr, Laguna Beach, CA 92651, USA",33.54997222222222,-117.79936944444444
./mirror/44.jpg,"1299 Hillcrest Dr, Laguna Beach, CA 92651, USA",33.54997222222222,-117.79936944444444
./mirror/493.jpg,"1295 Middlefield Rd, Palo Alto, CA 94301, USA",37.44483888888889,-122.14653055555556
./mirror/5.jpg,"1121 Industrial Rd Suite 500, San Carlos, CA 94070, USA",37.503166666666665,-122.246575
./mirror/500.jpg,"5th St & Grand Ave, Los Angeles, CA 90013, USA",34.049749999999996,-118.25343333333333
./mirror/6.jpg,"1137 Industrial Rd, San Carlos, CA 94070, USA",37.50270555555556,-122.24492777777778
./mirror/7.jpg,"1137 Industrial Rd, San Carlos, CA 94070, USA",37.50273055555556,-122.24491944444445
./mirror/8.jpg,"750 Melville Ave, Palo Alto, CA 94301, USA",37.44546944444444,-122.14630833333334
./mirror/9.jpg,"769 Melville Ave, Palo Alto, CA 94301, USA",37.445586111111105,-122.14639166666667
./privacy/privacy_no_people/100.jpg,"901 Laurel Ave, Los Angeles, CA 90046, USA",34.08714166666667,-118.36503611111111
./privacy/privacy_no_people/101.jpg,"8012 Willoughby Ave, West Hollywood, CA 90046, USA",34.08716666666667,-118.36429722222222
./privacy/privacy_no_people/102.jpg,"7917 Willoughby Ave, West Hollywood, CA 90046, USA",34.08719166666667,-118.36253333333333
./privacy/privacy_no_people/103.jpg,"7917 Willoughby Ave, West Hollywood, CA 90046, USA",34.08720277777778,-118.36254166666666
./privacy/privacy_no_people/104.jpg,"7917 Willoughby Ave, West Hollywood, CA 90046, USA",34.08722222222222,-118.36253333333333
./privacy/privacy_no_people/105.jpg,"7917 Willoughby Ave, West Hollywood, CA 90046, USA",34.08721666666667,-118.36250277777778
./privacy/privacy_no_people/106.jpg,"7814 Willoughby Ave, Los Angeles, CA 90046, USA",34.08718888888889,-118.36015277777777
./privacy/privacy_no_people/107.jpg,"7814 Willoughby Ave, Los Angeles, CA 90046, USA",34.087186111111116,-118.36002222222221
./privacy/privacy_no_people/108.jpg,"859 N Ogden Dr, Los Angeles, CA 90046, USA",34.08716666666667,-118.35965833333333
./privacy/privacy_no_people/109.jpg,"859 N Spaulding Ave, Los Angeles, CA 90046, USA",34.08714166666667,-118.35748333333333
./privacy/privacy_no_people/110.jpg,"7684 Willoughby Ave, West Hollywood, CA 90046, USA",34.08714722222223,-118.3570861111111
./privacy/privacy_no_people/111.jpg,"859 N Stanley Ave, Los Angeles, CA 90046, USA",34.08710833333333,-118.35640833333333
./privacy/privacy_no_people/112.jpg,"901 N Gardner St, West Hollywood, CA 90046, USA",34.087125,-118.35333888888889
./privacy/privacy_no_people/113.jpg,"859 N Vista St, Los Angeles, CA 90046, USA",34.08708611111111,-118.35256944444444
./privacy/privacy_no_people/114.jpg,"900 N Martel Ave, Los Angeles, CA 90046, USA",34.08719166666667,-118.35105
./privacy/privacy_no_people/115.jpg,"7303 Willoughby Ave, Los Angeles, CA 90046, USA",34.08708611111111,-118.34876388888888
./privacy/privacy_no_people/116.jpg,"861 N Alta Vista Blvd, Los Angeles, CA 90046, USA",34.08706388888889,-118.34754166666666
./privacy/privacy_no_people/117.jpg,"852 N Alta Vista Blvd, Los Angeles, CA 90046, USA",34.08705277777778,-118.34748055555555
./privacy/privacy_no_people/118.jpg,"901 1/2 N Formosa Ave, Los Angeles, CA 90046, USA",34.087075000000006,-118.34634444444444
./privacy/privacy_no_people/119.jpg,"7150 W Willoughby Ave, Los Angeles, CA 90046, USA",34.08708888888889,-118.34531388888888
./privacy/privacy_no_people/120.jpg,"857 N Orange Dr, Los Angeles, CA 90038, USA",34.08705833333334,-118.34168888888888
./privacy/privacy_no_people/121.jpg,"5 Willoughby Ave, Los Angeles, CA 90038, USA",34.087097222222226,-118.3367611111111
./privacy/privacy_no_people/122.jpg,"863 N Las Palmas Ave, Los Angeles, CA 90038, USA",34.08708055555556,-118.33634166666666
./privacy/privacy_no_people/123.jpg,"6350 Willoughby Ave, Los Angeles, CA 90038, USA",34.087075000000006,-118.33224444444444
./privacy/privacy_no_people/124.jpg,"6350 Willoughby Ave, Los Angeles, CA 90038, USA",34.08708611111111,-118.33215277777778
./privacy/privacy_no_people/125.jpg,"6317 Willoughby Ave, Los Angeles, CA 90038, USA",34.087094444444446,-118.33210833333332
./privacy/privacy_no_people/126.jpg,"6317 Willoughby Ave, Los Angeles, CA 90038, USA",34.08708888888889,-118.33204722222222
./privacy/privacy_no_people/127.jpg,"6314 Willoughby Ave, Los Angeles, CA 90038, USA",34.087097222222226,-118.33165833333332
./privacy/privacy_no_people/128.jpg,"2556 N Vermont Ave, Los Angeles, CA 90027, USA",34.11706111111111,-118.2911
./privacy/privacy_no_people/129.jpg,"2615 N Vermont Ave, Los Angeles, CA 90027, USA",34.11734722222222,-118.29143611111111
./privacy/privacy_no_people/130.jpg,"2615 N Vermont Ave, Los Angeles, CA 90027, USA",34.117419444444444,-118.29151944444445
./privacy/privacy_no_people/131.jpg,"14771 Terryknoll Dr, Whittier, CA 90604, USA",33.936302777777776,-118.01606666666666
./privacy/privacy_no_people/132.jpg,"14771 Terryknoll Dr, Whittier, CA 90604, USA",33.936302777777776,-118.016075
./privacy/privacy_no_people/133.jpg,"14772 Terryknoll Dr, Whittier, CA 90604, USA",33.93623333333333,-118.01612777777778
./privacy/privacy_no_people/134.jpg,"Colima Rd & Broadway Ave, South Whittier, CA 90604, USA",33.93419722222222,-118.01765555555555
./privacy/privacy_no_people/135.jpg,"Colima Rd & Broadway Ave, South Whittier, CA 90604, USA",33.93408333333333,-118.01774722222223
./privacy/privacy_no_people/136.jpg,"Colima Rd & Broadway Ave, South Whittier, CA 90604, USA",33.93372222222222,-118.01801388888889
./privacy/privacy_no_people/137.jpg,"14560 Woodruff Ave, Bellflower, CA 90706, USA",33.89906666666666,-118.11656944444444
./privacy/privacy_no_people/138.jpg,"14560 Woodruff Ave, Bellflower, CA 90706, USA",33.89906666666666,-118.11656944444444
./privacy/privacy_no_people/139.jpg,"14767 Betty Jean Ave, Bellflower, CA 90706, USA",33.89660277777778,-118.13188888888888
./privacy/privacy_no_people/140.jpg,"9441 Somerset Blvd, Bellflower, CA 90706, USA",33.89658055555555,-118.13263611111111
./privacy/privacy_no_people/141.jpg,"714 W Alondra Blvd, Compton, CA 90220, USA",33.88856111111111,-118.23587777777777
./privacy/privacy_no_people/142.jpg,"1237 W 161st St, Gardena, CA 90247, USA",33.88508888888889,-118.29724166666666
./privacy/privacy_no_people/143.jpg,"1243 W 161st St, Gardena, CA 90247, USA",33.88508611111111,-118.29740277777778
./privacy/privacy_no_people/144.jpg,"1309 W 161st St, Gardena, CA 90247, USA",33.88506666666667,-118.29801944444445
./privacy/privacy_no_people/145.jpg,"1319 W 161st St, Gardena, CA 90247, USA",33.88505277777778,-118.29846111111111
./privacy/privacy_no_people/146.jpg,"3152 Marine Ave, Gardena, CA 90249, USA",33.89469166666667,-118.32833888888888
./privacy/privacy_no_people/147.jpg,"3152 Marine Ave, Gardena, CA 90249, USA",33.89469166666667,-118.32851388888888
./privacy/privacy_no_people/148.jpg,"5401 Marine Ave, Manhattan Beach, CA 90266, USA",33.89468333333333,-118.3740611111111
./privacy/privacy_no_people/149.jpg,"3933 1/2 W Imperial Hwy, Inglewood, CA 90303, USA",33.93098888888888,-118.34303333333332
./privacy/privacy_no_people/150.jpg,"3929 1/2 W Imperial Hwy, Inglewood, CA 90303, USA",33.93093611111111,-118.34272777777777
./privacy/privacy_no_people/151.jpg,"3924 W Imperial Hwy, Inglewood, CA 90303, USA",33.93093611111111,-118.34256666666666
./privacy/privacy_no_people/152.jpg,"11241 Haas Ave, Los Angeles, CA 90047, USA",33.93089166666667,-118.316925
./privacy/privacy_no_people/153.jpg,"2052 W Imperial Hwy, Hawthorne, CA 90250, USA",33.93094722222222,-118.3151861111111
./privacy/privacy_no_people/154.jpg,"Imperial / Wilton, Westmont, CA 90047, USA",33.93113333333333,-118.31317222222222
./privacy/privacy_no_people/155.jpg,"1914 W Imperial Hwy, Los Angeles, CA 90047, USA",33.93111666666666,-118.31193611111111
./privacy/privacy_no_people/156.jpg,"1613 W Imperial Hwy, Los Angeles, CA 90047, USA",33.93082777777778,-118.30522222222221
./privacy/privacy_no_people/157.jpg,"11840 Vienna Ln, Los Angeles, CA 90044, USA",33.92468611111111,-118.30044444444444
./privacy/privacy_no_people/158.jpg,"120th St & Normandie Ave, West Athens, CA 90044, USA",33.92397222222222,-118.30053055555555
./privacy/privacy_no_people/159.jpg,"12004 Normandie Ave, Los Angeles, CA 90044, USA",33.92375277777778,-118.30039166666667
./privacy/privacy_no_people/160.jpg,"12004 Normandie Ave, Los Angeles, CA 90044, USA",33.92375277777778,-118.30039166666667
./privacy/privacy_no_people/161.jpg,"1203 W 135th St, Gardena, CA 90247, USA",33.90922222222222,-118.29646388888888
./privacy/privacy_no_people/162.jpg,"1200 W 135th St, Gardena, CA 90247, USA",33.90918333333333,-118.29646388888888
./privacy/privacy_no_people/163.jpg,"1156 W 135th St, Gardena, CA 90247, USA",33.90914444444444,-118.29602777777778
./privacy/privacy_no_people/164.jpg,"1156 W 135th St, Gardena, CA 90247, USA",33.90914444444444,-118.29588333333334
./privacy/privacy_no_people/165.jpg,"1156 W 135th St, Gardena, CA 90247, USA",33.90914444444444,-118.29575277777778
./privacy/privacy_no_people/166.jpg,"1114 W 135th St, Gardena, CA 90247, USA",33.90914166666666,-118.29415
./privacy/privacy_no_people/167.jpg,"105 E Del Amo Blvd, Carson, CA 90248, USA",33.84632222222223,-118.28002222222221
./privacy/privacy_no_people/168.jpg,"Del Amo / Leapwood, Carson, CA 90746, USA",33.84673055555556,-118.25888055555555
./privacy/privacy_no_people/169.jpg,"3400 Duchess Ln, Long Beach, CA 90815, USA",33.79611666666666,-118.15148888888889
./privacy/privacy_no_people/170.jpg,"PCH & Termino SW, Long Beach, CA 90804, USA",33.78981666666667,-118.14617222222223
./privacy/privacy_no_people/171.jpg,"Bolsa Chica-Sisson, Huntington Beach, CA 92649, USA",33.72703611111111,-118.04165
./privacy/privacy_no_people/172.jpg,"6241 Warner Ave, Huntington Beach, CA 92647, USA",33.715450000000004,-118.02089722222222
./privacy/privacy_no_people/173.jpg,"6202 Warner Ave, Huntington Beach, CA 92647, USA",33.715450000000004,-118.02046944444444
./privacy/privacy_no_people/174.jpg,"8411 Warner Ave, Huntington Beach, CA 92647, USA",33.71575277777778,-117.98171944444445
./privacy/privacy_no_people/175.jpg,"11362 Warner Ave STE A, Fountain Valley, CA 92708, USA",33.71637777777778,-117.93041111111111
./privacy/privacy_no_people/176.jpg,"Warner-Winterburg, Fountain Valley, CA 92708, USA",33.716166666666666,-117.92490277777779
./privacy/privacy_no_people/177.jpg,"1846 W Deerfield Rd, Santa Ana, CA 92704, USA",33.700161111111115,-117.89393611111112
./privacy/privacy_no_people/178.jpg,"MacArthur-Birch, Santa Ana, CA 92707, USA",33.699980555555555,-117.87214722222221
./privacy/privacy_no_people/179.jpg,"1370 San Juan St, Tustin, CA 92780, USA",33.737566666666666,-117.81446944444444
./privacy/privacy_no_people/180.jpg,"1411 San Juan St, Tustin, CA 92780, USA",33.737183333333334,-117.81381111111111
./privacy/privacy_no_people/181.jpg,"520 Dahlia Ave, Corona Del Mar, CA 92625, USA",33.601680555555554,-117.87458888888888
./privacy/privacy_no_people/182.jpg,"235 Lower Cliff Dr, Laguna Beach, CA 92651, USA",33.54402222222222,-117.78508055555555
./privacy/privacy_no_people/183.jpg,"237 Lower Cliff Dr, Laguna Beach, CA 92651, USA",33.54418611111111,-117.78523333333334
./privacy/privacy_no_people/184.jpg,"208 Cliff Dr, Laguna Beach, CA 92651, USA",33.544180555555556,-117.78541666666666
./privacy/privacy_no_people/185.jpg,"224 Beverly St, Laguna Beach, CA 92651, USA",33.54728333333333,-117.79586666666667
./privacy/privacy_no_people/186.jpg,"1910 Port Carney Pl, Newport Beach, CA 92660, USA",33.61748611111111,-117.85845833333333
./privacy/privacy_no_people/187.jpg,"4400 Nobel Dr, San Diego, CA 92122, USA",32.867247222222225,-117.21167777777778
./privacy/privacy_no_people/188.jpg,"4004 Crystal Dawn Ln, San Diego, CA 92122, USA",32.869505555555556,-117.2195138888889
./privacy/privacy_no_people/189.jpg,"Nobel Dr & Lebon Dr, San Diego, CA 92122, USA",32.86844722222222,-117.22505833333334
./privacy/privacy_no_people/190.jpg,"15030 Denker Ave, Gardena, CA 90247, USA",33.89498611111111,-118.30474166666666
./privacy/privacy_no_people/191.jpg,"15006 Denker Ave, Gardena, CA 90247, USA",33.895649999999996,-118.30475555555556
./privacy/privacy_no_people/192.jpg,"14934 Denker Ave, Gardena, CA 90247, USA",33.89575833333333,-118.30475555555556
./privacy/privacy_no_people/193.jpg,"14926 Denker Ave, Gardena, CA 90247, USA",33.895875,-118.30475555555556
./privacy/privacy_no_people/194.jpg,"14924 Denker Ave, Gardena, CA 90247, USA",33.89608888888889,-118.30475555555556
./privacy/privacy_no_people/195.jpg,"14926 Denker Ave, Gardena, CA 90247, USA",33.89584444444444,-118.3047111111111
./privacy/privacy_no_people/196.jpg,"14914 Denker Ave, Gardena, CA 90247, USA",33.896258333333336,-118.30475555555556
./privacy/privacy_no_people/197.jpg,"14908 Denker Ave, Gardena, CA 90247, USA",33.89642222222222,-118.30475555555556
./privacy/privacy_no_people/198.jpg,"14908 Denker Ave, Gardena, CA 90247, USA",33.896499999999996,-118.30475555555556
./privacy/privacy_no_people/199.jpg,"1561 W 149th St, Gardena, CA 90247, USA",33.89669722222222,-118.30475555555556
./privacy/privacy_no_people/200.jpg,"14812 Denker Ave, Gardena, CA 90247, USA",33.89703055555555,-118.30475555555556
./privacy/privacy_no_people/201.jpg,"14808 Denker Ave, Gardena, CA 90247, USA",33.89713611111111,-118.30475555555556
./privacy/privacy_no_people/202.jpg,"14808 Denker Ave, Gardena, CA 90247, USA",33.897330555555556,-118.30475555555556
./privacy/privacy_no_people/203.jpg,"14703 Denker Ave, Gardena, CA 90247, USA",33.89756666666667,-118.30475555555556
./privacy/privacy_no_people/204.jpg,"14808 Denker Ave, Gardena, CA 90247, USA",33.89741388888889,-118.30474722222222
./privacy/privacy_no_people/205.jpg,"14642 Denker Ave, Gardena, CA 90247, USA",33.89769722222222,-118.30475555555556
./privacy/privacy_no_people/206.jpg,"14642 Denker Ave, Gardena, CA 90247, USA",33.89783888888889,-118.30475555555556
./privacy/privacy_no_people/207.jpg,"14636 Denker Ave, Gardena, CA 90247, USA",33.897911111111114,-118.30475555555556
./privacy/privacy_no_people/208.jpg,"14616 Denker Ave, Gardena, CA 90247, USA",33.898272222222225,-118.30475555555556
./privacy/privacy_no_people/209.jpg,"14612 Denker Ave, Gardena, CA 90247, USA",33.89863888888889,-118.30475555555556
./privacy/privacy_no_people/210.jpg,"1562 W 146th St, Gardena, CA 90247, USA",33.89885833333333,-118.30475555555556
./privacy/privacy_no_people/211.jpg,"1604 W 146th St, Gardena, CA 90247, USA",33.89896666666667,-118.30475555555556
./privacy/privacy_no_people/212.jpg,"14526 Denker Ave, Gardena, CA 90247, USA",33.89944722222222,-118.30475555555556
./privacy/privacy_no_people/213.jpg,"14505 Denker Ave, Gardena, CA 90247, USA",33.899741666666664,-118.30481666666667
./privacy/privacy_no_people/214.jpg,"14503 Denker Ave, Gardena, CA 90247, USA",33.89989444444444,-118.30480833333333
./privacy/privacy_no_people/215.jpg,"2704 Thornton Ave, Burbank, CA 91504, USA",34.19558055555555,-118.34051388888888
./privacy/privacy_no_people/216.jpg,"2720 Thornton Ave, Burbank, CA 91504, USA",34.19558055555555,-118.34072777777777
./privacy/privacy_no_people/217.jpg,"2720 Thornton Ave, Burbank, CA 91504, USA",34.19558333333333,-118.34082777777778
./privacy/privacy_no_people/218.jpg,"2801 Thornton Ave, Burbank, CA 91504, USA",34.19560277777777,-118.34166666666667
./privacy/privacy_no_people/219.jpg,"2801 Thornton Ave, Burbank, CA 91504, USA",34.19560277777777,-118.3419111111111
./privacy/privacy_no_people/220.jpg,"2346 N Niagara St, Burbank, CA 91504, USA",34.19560555555555,-118.34213333333332
./privacy/privacy_no_people/221.jpg,"2904 Thornton Ave, Burbank, CA 91504, USA",34.195611111111106,-118.3423611111111
./privacy/privacy_no_people/222.jpg,"2919 Thornton Ave, Burbank, CA 91504, USA",34.195625,-118.34306388888888
./privacy/privacy_no_people/223.jpg,"2919 Thornton Ave, Burbank, CA 91504, USA",34.19562777777777,-118.34316944444444
./privacy/privacy_no_people/224.jpg,"2921 Thornton Ave, Burbank, CA 91504, USA",34.195625,-118.34338333333334
./privacy/privacy_no_people/225.jpg,"3002 Thornton Ave, Burbank, CA 91504, USA",34.19563333333333,-118.34360555555556
./privacy/privacy_no_people/226.jpg,"3004 Thornton Ave, Burbank, CA 91504, USA",34.19562777777777,-118.34395555555555
./privacy/privacy_no_people/227.jpg,"3004 Thornton Ave, Burbank, CA 91504, USA",34.19563611111111,-118.34404722222222
./privacy/privacy_no_people/45.jpg,"15630 Vaughn Rd, Brecksville, OH 44141, USA",41.28858611111111,-81.572175
./privacy/privacy_no_people/46.jpg,"7292 Holzhauer Rd, Northfield, OH 44067, USA",41.305163888888885,-81.55890555555555
./privacy/privacy_no_people/47.jpg,"7357 Meadow Creek Rd, Northfield, OH 44067, USA",41.30696388888889,-81.55995833333333
./privacy/privacy_no_people/48.jpg,"976 W Aurora Rd, Northfield, OH 44067, USA",41.31527777777777,-81.57369166666666
./privacy/privacy_no_people/49.jpg,"3199 Tocoa Cir, Kissimmee, FL 34746, USA",28.3385,-81.488175
./privacy/privacy_no_people/494.jpg,"102 S 14th St, San Jose, CA 95112, USA",37.340672222222224,-121.87573888888888
./privacy/privacy_no_people/495.jpg,"1039 Embarcadero Rd, Palo Alto, CA 94303, USA",37.44631666666666,-122.12891388888889
./privacy/privacy_no_people/496.jpg,"2290 Magnolia Ave, Long Beach, CA 90806, USA",33.798880555555556,-118.19799166666667
./privacy/privacy_no_people/50.jpg,"3207 Tocoa Cir, Kissimmee, FL 34746, USA",28.338524999999997,-81.48828055555556
./privacy/privacy_no_people/51.jpg,"3201 Tocoa Cir, Kissimmee, FL 34746, USA",28.338902777777776,-81.48824444444445
./privacy/privacy_no_people/52.jpg,"1104 Crystal Springs Ave, San Bruno, CA 94066, USA",37.61752222222222,-122.41384166666667
./privacy/privacy_no_people/53.jpg,"965 Crystal Springs Ave, San Bruno, CA 94066, USA",37.61833888888889,-122.4131388888889
./privacy/privacy_no_people/54.jpg,"1411 Middlefield Rd, Redwood City, CA 94063, USA",37.483161111111116,-122.22358055555556
./privacy/privacy_no_people/55.jpg,"1411 Middlefield Rd, Redwood City, CA 94063, USA",37.483200000000004,-122.22367222222222
./privacy/privacy_no_people/56.jpg,"800 Melville Ave, Palo Alto, CA 94301, USA",37.44676944444444,-122.14630833333334
./privacy/privacy_no_people/57.jpg,"685 Kellogg Ave, Palo Alto, CA 94301, USA",37.44373333333333,-122.14575833333333
./privacy/privacy_no_people/58.jpg,"1625 Middlefield Rd, Palo Alto, CA 94301, USA",37.442255555555555,-122.1427
./privacy/privacy_no_people/59.jpg,"816 Embarcadero Rd, Palo Alto, CA 94303, USA",37.44315833333333,-122.13949722222223
./privacy/privacy_no_people/60.jpg,"852 Embarcadero Rd, Palo Alto, CA 94303, USA",37.44373611111111,-122.137375
./privacy/privacy_no_people/61.jpg,"860 Embarcadero Rd, Palo Alto, CA 94303, USA",37.44382777777778,-122.13706111111112
./privacy/privacy_no_people/62.jpg,"Primrose Way Pollinator Garden, 11-19 Primrose Way, Palo Alto, CA 94303, USA",37.44503333333333,-122.13293333333333
./privacy/privacy_no_people/63.jpg,"944 Embarcadero Rd, Palo Alto, CA 94303, USA",37.445116666666664,-122.13263611111111
./privacy/privacy_no_people/64.jpg,"944 Embarcadero Rd, Palo Alto, CA 94303, USA",37.445116666666664,-122.13263611111111
./privacy/privacy_no_people/65.jpg,"944 Embarcadero Rd, Palo Alto, CA 94303, USA",37.445161111111105,-122.13248333333333
./privacy/privacy_no_people/66.jpg,"955 Embarcadero Rd, Palo Alto, CA 94303, USA",37.44524722222222,-122.13219444444444
./privacy/privacy_no_people/67.jpg,"955 Embarcadero Rd, Palo Alto, CA 94303, USA",37.445297222222216,-122.13203333333333
./privacy/privacy_no_people/68.jpg,"972 Embarcadero Rd, Palo Alto, CA 94303, USA",37.44551111111111,-122.13127777777777
./privacy/privacy_no_people/69.jpg,"972 Embarcadero Rd, Palo Alto, CA 94303, USA",37.44551111111111,-122.13127777777777
./privacy/privacy_no_people/70.jpg,"991 Embarcadero Rd, Palo Alto, CA 94303, USA",37.44587222222222,-122.13003611111111
./privacy/privacy_no_people/71.jpg,"2135 Greer Rd, Palo Alto, CA 94303, USA",37.446013888888885,-122.12956944444444
./privacy/privacy_no_people/72.jpg,"424 Leigh Ave, San Jose, CA 95128, USA",37.320930555555556,-121.92382777777779
./privacy/privacy_no_people/73.jpg,"384 Leigh Ave, San Jose, CA 95128, USA",37.32185833333334,-121.92379722222223
./privacy/privacy_no_people/74.jpg,"1621 S Atlantic Blvd, Alhambra, CA 91803, USA",34.07511388888889,-118.134675
./privacy/privacy_no_people/75.jpg,"1624 S Atlantic Blvd, Alhambra, CA 91803, USA",34.07501111111112,-118.13430833333334
./privacy/privacy_no_people/76.jpg,"1618 1/2 S Atlantic Blvd, Alhambra, CA 91803, USA",34.07505555555556,-118.13438333333335
./privacy/privacy_no_people/77.jpg,"1618 1/2 S Atlantic Blvd, Alhambra, CA 91803, USA",34.075225,-118.1344138888889
./privacy/privacy_no_people/78.jpg,"1612 S Atlantic Blvd, Alhambra, CA 91803, USA",34.07534444444445,-118.13440833333334
./privacy/privacy_no_people/79.jpg,"1606 S Atlantic Blvd, Alhambra, CA 91803, USA",34.07550833333334,-118.13440833333334
./privacy/privacy_no_people/80.jpg,"1606 S Atlantic Blvd, Alhambra, CA 91803, USA",34.07558055555556,-118.13440833333334
./privacy/privacy_no_people/81.jpg,"1606 S Atlantic Blvd, Alhambra, CA 91803, USA",34.07573333333334,-118.13440833333334
./privacy/privacy_no_people/82.jpg,"1600 S Atlantic Blvd, Alhambra, CA 91803, USA",34.07589444444445,-118.13429166666667
./privacy/privacy_no_people/83.jpg,"912 W Norwood Pl, Alhambra, CA 91803, USA",34.075900000000004,-118.13405555555556
./privacy/privacy_no_people/84.jpg,"912 W Norwood Pl, Alhambra, CA 91803, USA",34.07588888888889,-118.13387222222222
./privacy/privacy_no_people/85.jpg,"1601 S 9th St, Alhambra, CA 91803, USA",34.07588333333334,-118.1336888888889
./privacy/privacy_no_people/86.jpg,"1601 S 9th St, Alhambra, CA 91803, USA",34.07588333333334,-118.13360555555556
./privacy/privacy_no_people/87.jpg,"810 W Norwood Pl, Alhambra, CA 91803, USA",34.075919444444445,-118.1330861111111
./privacy/privacy_no_people/88.jpg,"1518 S 9th St, Alhambra, CA 91803, USA",34.07646944444445,-118.13303333333333
./privacy/privacy_no_people/89.jpg,"5091 Bohlig Rd, Los Angeles, CA 90032, USA",34.069838888888896,-118.17261388888889
./privacy/privacy_no_people/90.jpg,"5091 Bohlig Rd, Los Angeles, CA 90032, USA",34.069838888888896,-118.17261388888889
./privacy/privacy_no_people/91.jpg,"5078 Cavanagh Rd, Los Angeles, CA 90032, USA",34.06915277777778,-118.17338611111111
./privacy/privacy_no_people/92.jpg,"5060 Cavanagh Rd, Los Angeles, CA 90032, USA",34.06904166666667,-118.1741638888889
./privacy/privacy_no_people/93.jpg,"5060 Cavanagh Rd, Los Angeles, CA 90032, USA",34.06899722222222,-118.17427777777779
./privacy/privacy_no_people/94.jpg,"1804 Del Paso Ave, Los Angeles, CA 90032, USA",34.06357222222222,-118.18236666666667
./privacy/privacy_no_people/95.jpg,"2130 N Thomas St, Los Angeles, CA 90031, USA",34.070194444444446,-118.20511666666667
./privacy/privacy_no_people/96.jpg,"103s La Peer Dr, Los Angeles, CA 90048, USA",34.075183333333335,-118.386825
./privacy/privacy_no_people/97.jpg,"8910 Alden Dr, Los Angeles, CA 90048, USA",34.07526111111112,-118.38635277777779
./privacy/privacy_no_people/98.jpg,"103 1/2 N Clark Dr, Los Angeles, CA 90048, USA",34.07526666666667,-118.38497222222223
./privacy/privacy_no_people/99.jpg,"901 Laurel Ave, Los Angeles, CA 90046, USA",34.0872,-118.36529444444444
./privacy/privacy_people/privacy_people_not_selfie/228.jpg,"1227 Fulton St, Palo Alto, CA 94301, USA",37.445724999999996,-122.14645277777778
./privacy/privacy_people/privacy_people_not_selfie/229.jpg,"795 Melville Ave, Palo Alto, CA 94301, USA",37.445836111111106,-122.14644722222224
./privacy/privacy_people/privacy_people_not_selfie/230.jpg,"795 Melville Ave, Palo Alto, CA 94301, USA",37.44585555555555,-122.14646111111112
./privacy/privacy_people/privacy_people_not_selfie/231.jpg,"778 Melville Ave, Palo Alto, CA 94301, USA",37.446327777777775,-122.14646944444445
./privacy/privacy_people/privacy_people_not_selfie/232.jpg,"813 Melville Ave, Palo Alto, CA 94301, USA",37.44665833333333,-122.14648333333334
./privacy/privacy_people/privacy_people_not_selfie/233.jpg,"1016 Harker Ave, Palo Alto, CA 94301, USA",37.44660277777778,-122.14594166666667
./privacy/privacy_people/privacy_people_not_selfie/234.jpg,"1034 Harker Ave, Palo Alto, CA 94301, USA",37.44665555555555,-122.14536944444446
./privacy/privacy_people/privacy_people_not_selfie/235.jpg,"1046 Harker Ave, Palo Alto, CA 94301, USA",37.44661388888888,-122.14508888888889
./privacy/privacy_people/privacy_people_not_selfie/236.jpg,"1046 Harker Ave, Palo Alto, CA 94301, USA",37.44664722222222,-122.14505833333334
./privacy/privacy_people/privacy_people_not_selfie/237.jpg,"Embarcadero Rd/N California Ave, Palo Alto, CA 94303, USA",37.446413888888884,-122.12810555555555
./privacy/privacy_people/privacy_people_not_selfie/238.jpg,"191 S 13th St, San Jose, CA 95112, USA",37.339130555555556,-121.87596944444444
./privacy/privacy_people/privacy_people_not_selfie/239.jpg,"191 S 13th St, San Jose, CA 95112, USA",37.33914444444445,-121.87597777777778
./privacy/privacy_people/privacy_people_not_selfie/240.jpg,"181 S 13th St, San Jose, CA 95112, USA",37.33918333333334,-121.87598333333332
./privacy/privacy_people/privacy_people_not_selfie/241.jpg,"440 Leigh Ave, San Jose, CA 95128, USA",37.32075833333334,-121.92382777777779
./privacy/privacy_people/privacy_people_not_selfie/242.jpg,"334 Leigh Ave, San Jose, CA 95128, USA",37.32260555555556,-121.92384444444446
./privacy/privacy_people/privacy_people_not_selfie/243.jpg,"334 Leigh Ave, San Jose, CA 95128, USA",37.32260555555556,-121.92384444444446
./privacy/privacy_people/privacy_people_not_selfie/244.jpg,"799 Bay St, San Francisco, CA 94109, USA",37.804725,-122.42016666666667
./privacy/privacy_people/privacy_people_not_selfie/245.jpg,"1524 S 9th St, Alhambra, CA 91803, USA",34.07611111111112,-118.1330861111111
./privacy/privacy_people/privacy_people_not_selfie/246.jpg,"700 Valley Blvd, Alhambra, CA 91803, USA",34.07774444444445,-118.13104999999999
./privacy/privacy_people/privacy_people_not_selfie/247.jpg,"1533 W Rosecrans Ave, Gardena, CA 90249, USA",33.901824999999995,-118.28816111111111
./privacy/privacy_people/privacy_people_not_selfie/248.jpg,"1427 S 7th St, Alhambra, CA 91803, USA",34.07705,-118.13065277777777
./privacy/privacy_people/privacy_people_not_selfie/249.jpg,"1526 S 7th St, Alhambra, CA 91803, USA",34.07607222222222,-118.13045555555554
./privacy/privacy_people/privacy_people_not_selfie/250.jpg,"1525 S 7th St, Alhambra, CA 91803, USA",34.07609444444445,-118.13062222222221
./privacy/privacy_people/privacy_people_not_selfie/251.jpg,"1477 Edgewood Dr, Alhambra, CA 91803, USA",34.076211111111114,-118.14878055555556
./privacy/privacy_people/privacy_people_not_selfie/252.jpg,"1511 Edgewood Dr, Alhambra, CA 91803, USA",34.07577222222223,-118.14879722222223
./privacy/privacy_people/privacy_people_not_selfie/253.jpg,"1511 Edgewood Dr, Alhambra, CA 91803, USA",34.07575277777778,-118.1487888888889
./privacy/privacy_people/privacy_people_not_selfie/254.jpg,"1511 Edgewood Dr, Alhambra, CA 91803, USA",34.07573333333334,-118.14879722222223
./privacy/privacy_people/privacy_people_not_selfie/255.jpg,"1425 Edgewood Dr, Alhambra, CA 91803, USA",34.075900000000004,-118.14881111111112
./privacy/privacy_people/privacy_people_not_selfie/256.jpg,"1425 Edgewood Dr, Alhambra, CA 91803, USA",34.076008333333334,-118.14876666666667
./privacy/privacy_people/privacy_people_not_selfie/257.jpg,"1425 Edgewood Dr, Alhambra, CA 91803, USA",34.076038888888895,-118.14909444444446
./privacy/privacy_people/privacy_people_not_selfie/258.jpg,"2505 W Norwood Pl, Alhambra, CA 91803, USA",34.07566944444445,-118.15116111111112
./privacy/privacy_people/privacy_people_not_selfie/259.jpg,"1629 La Golondrina Ave, Alhambra, CA 91803, USA",34.07465833333334,-118.15292222222223
./privacy/privacy_people/privacy_people_not_selfie/260.jpg,"1629 La Golondrina Ave, Alhambra, CA 91803, USA",34.074647222222225,-118.15291666666667
./privacy/privacy_people/privacy_people_not_selfie/261.jpg,"1801 S Meridian Ave, Alhambra, CA 91803, USA",34.07296666666667,-118.15389166666667
./privacy/privacy_people/privacy_people_not_selfie/262.jpg,"1801 S Meridian Ave, Alhambra, CA 91803, USA",34.07294166666667,-118.15386944444445
./privacy/privacy_people/privacy_people_not_selfie/263.jpg,"1801 S Meridian Ave, Alhambra, CA 91803, USA",34.07285277777778,-118.15384722222223
./privacy/privacy_people/privacy_people_not_selfie/264.jpg,"3021 Midwick Dr, Alhambra, CA 91803, USA",34.07141111111112,-118.15889722222222
./privacy/privacy_people/privacy_people_not_selfie/265.jpg,"3021 Midwick Dr, Alhambra, CA 91803, USA",34.07143888888889,-118.15889722222222
./privacy/privacy_people/privacy_people_not_selfie/266.jpg,"3017 Midwick Dr, Alhambra, CA 91803, USA",34.071422222222225,-118.15885833333334
./privacy/privacy_people/privacy_people_not_selfie/267.jpg,"4629 Abner St, Los Angeles, CA 90032, USA",34.06442777777777,-118.18381388888889
./privacy/privacy_people/privacy_people_not_selfie/268.jpg,"4637 Abner St, Los Angeles, CA 90032, USA",34.06443055555555,-118.1838
./privacy/privacy_people/privacy_people_not_selfie/269.jpg,"4637 Abner St, Los Angeles, CA 90032, USA",34.064433333333334,-118.18379166666666
./privacy/privacy_people/privacy_people_not_selfie/270.jpg,"1846 N Rowan Ave, Los Angeles, CA 90032, USA",34.06426111111111,-118.18809444444445
./privacy/privacy_people/privacy_people_not_selfie/271.jpg,"1846 N Rowan Ave, Los Angeles, CA 90032, USA",34.06426666666666,-118.18807222222223
./privacy/privacy_people/privacy_people_not_selfie/272.jpg,"1852 N Rowan Ave, Los Angeles, CA 90032, USA",34.06430833333333,-118.18805833333333
./privacy/privacy_people/privacy_people_not_selfie/273.jpg,"2000 N Rowan Ave, Los Angeles, CA 90032, USA",34.06609444444444,-118.18808055555556
./privacy/privacy_people/privacy_people_not_selfie/274.jpg,"2006 N Rowan Ave, Los Angeles, CA 90032, USA",34.0661,-118.18808611111112
./privacy/privacy_people/privacy_people_not_selfie/275.jpg,"2318 N Thomas St, Los Angeles, CA 90031, USA",34.072719444444445,-118.20514722222222
./privacy/privacy_people/privacy_people_not_selfie/276.jpg,"2318 N Thomas St, Los Angeles, CA 90031, USA",34.07266111111112,-118.20525277777779
./privacy/privacy_people/privacy_people_not_selfie/277.jpg,"8811 Alden Dr, Los Angeles, CA 90048, USA",34.07521944444445,-118.38887777777778
./privacy/privacy_people/privacy_people_not_selfie/278.jpg,"8811 Alden Dr, Los Angeles, CA 90048, USA",34.07522222222222,-118.38887777777778
./privacy/privacy_people/privacy_people_not_selfie/279.jpg,"100 S Doheny Dr, Los Angeles, CA 90048, USA",34.075225,-118.38942777777778
./privacy/privacy_people/privacy_people_not_selfie/280.jpg,"7222 Willoughby Ave, Los Angeles, CA 90046, USA",34.08707777777778,-118.34713055555555
./privacy/privacy_people/privacy_people_not_selfie/281.jpg,"2516 N Vermont Ave, Los Angeles, CA 90027, USA",34.11624166666667,-118.29045833333333
./privacy/privacy_people/privacy_people_not_selfie/282.jpg,"2528 N Vermont Ave, Los Angeles, CA 90027, USA",34.11635833333334,-118.29051111111112
./privacy/privacy_people/privacy_people_not_selfie/283.jpg,"2630 N Vermont Ave, Los Angeles, CA 90027, USA",34.117644444444444,-118.29197777777777
./privacy/privacy_people/privacy_people_not_selfie/284.jpg,"4733 Marine Ave, Lawndale, CA 90260, USA",33.8947,-118.36061111111111
./privacy/privacy_people/privacy_people_not_selfie/285.jpg,"4036 Imperial Hwy., Inglewood, CA 90304, USA",33.93094166666666,-118.34507777777777
./privacy/privacy_people/privacy_people_not_selfie/286.jpg,"523 Dahlia Ave, Corona Del Mar, CA 92625, USA",33.60176388888889,-117.87457222222221
./privacy/privacy_people/privacy_people_not_selfie/287.jpg,"523 Dahlia Ave, Corona Del Mar, CA 92625, USA",33.60178055555556,-117.87455833333333
./privacy/privacy_people/privacy_people_not_selfie/288.jpg,"520 Dahlia Ave, Corona Del Mar, CA 92625, USA",33.601752777777776,-117.874275
./privacy/privacy_people/privacy_people_not_selfie/289.jpg,"520 Dahlia Ave, Corona Del Mar, CA 92625, USA",33.601775,-117.87430555555555
./privacy/privacy_people/privacy_people_not_selfie/291.jpg,"520 Dahlia Ave, Corona Del Mar, CA 92625, USA",33.60171388888889,-117.87445
./privacy/privacy_people/privacy_people_not_selfie/292.jpg,"506 Dahlia Ave, Corona Del Mar, CA 92625, USA",33.60130277777778,-117.87495555555554
./privacy/privacy_people/privacy_people_not_selfie/293.jpg,"506 Dahlia Ave, Corona Del Mar, CA 92625, USA",33.60127222222222,-117.87486944444444
./privacy/privacy_people/privacy_people_not_selfie/294.jpg,"438 Dahlia Ave, Corona Del Mar, CA 92625, USA",33.60093055555556,-117.87509999999999
./privacy/privacy_people/privacy_people_not_selfie/295.jpg,"312 Broadway St, Laguna Beach, CA 92651, USA",33.54493333333333,-117.78388333333334
./privacy/privacy_people/privacy_people_not_selfie/296.jpg,"312 Broadway St, Laguna Beach, CA 92651, USA",33.54492222222222,-117.78407222222222
./privacy/privacy_people/privacy_people_not_selfie/297.jpg,"187 Lower Cliff Dr, Laguna Beach, CA 92651, USA",33.54476944444444,-117.78454722222222
./privacy/privacy_people/privacy_people_not_selfie/298.jpg,"204 Cliff Dr, Laguna Beach, CA 92651, USA",33.54458611111111,-117.78510277777778
./privacy/privacy_people/privacy_people_not_selfie/299.jpg,"204 Cliff Dr, Laguna Beach, CA 92651, USA",33.54452222222222,-117.78510277777778
./privacy/privacy_people/privacy_people_not_selfie/300.jpg,"215 Cliff Dr, Laguna Beach, CA 92651, USA",33.54437222222222,-117.78507222222223
./privacy/privacy_people/privacy_people_not_selfie/301.jpg,"208 Cliff Dr, Laguna Beach, CA 92651, USA",33.544216666666664,-117.78535555555555
./privacy/privacy_people/privacy_people_not_selfie/302.jpg,"267 Lower Cliff Dr, Laguna Beach, CA 92651, USA",33.54389166666667,-117.78614166666667
./privacy/privacy_people/privacy_people_not_selfie/303.jpg,"241 Lower Cliff Dr, Laguna Beach, CA 92651, USA",33.54398333333333,-117.7855388888889
./privacy/privacy_people/privacy_people_not_selfie/304.jpg,"215 Lower Cliff Dr, Laguna Beach, CA 92651, USA",33.54448611111111,-117.7846
./privacy/privacy_people/privacy_people_not_selfie/305.jpg,"215 Lower Cliff Dr, Laguna Beach, CA 92651, USA",33.54448333333333,-117.7846
./privacy/privacy_people/privacy_people_not_selfie/306.jpg,"278 Broadway St, Laguna Beach, CA 92651, USA",33.544125,-117.78444722222223
./privacy/privacy_people/privacy_people_not_selfie/307.jpg,"299 Beverly St, Laguna Beach, CA 92651, USA",33.548424999999995,-117.79518055555555
./privacy/privacy_people/privacy_people_not_selfie/308.jpg,"900 Hillcrest Dr, Laguna Beach, CA 92651, USA",33.54881944444444,-117.79608888888889
./privacy/privacy_people/privacy_people_not_selfie/309.jpg,"295 Wave St, Laguna Beach, CA 92651, USA",33.54869722222222,-117.7960138888889
./privacy/privacy_people/privacy_people_not_selfie/310.jpg,"295 Wave St, Laguna Beach, CA 92651, USA",33.54870555555556,-117.79604444444445
./privacy/privacy_people/privacy_people_not_selfie/311.jpg,"1299 Hillcrest Dr, Laguna Beach, CA 92651, USA",33.54991944444444,-117.79939999999999
./privacy/privacy_people/privacy_people_not_selfie/312.jpg,"351 Ledroit St, Laguna Beach, CA 92651, USA",33.55120833333333,-117.80239999999999
./privacy/privacy_people/privacy_people_not_selfie/313.jpg,"721 Heliotrope Ave, Corona Del Mar, CA 92625, USA",33.60209166666667,-117.87071944444443
./privacy/privacy_people/privacy_people_not_selfie/314.jpg,"721 Heliotrope Ave, Corona Del Mar, CA 92625, USA",33.60196388888889,-117.87055833333332
./privacy/privacy_people/privacy_people_not_selfie/315.jpg,"721 Heliotrope Ave, Corona Del Mar, CA 92625, USA",33.60186111111111,-117.87063611111111
./privacy/privacy_people/privacy_people_not_selfie/316.jpg,"721 Heliotrope Ave, Corona Del Mar, CA 92625, USA",33.601866666666666,-117.87061388888888
./privacy/privacy_people/privacy_people_not_selfie/317.jpg,"720 Heliotrope Ave, Corona Del Mar, CA 92625, USA",33.601822222222225,-117.87059722222222
./privacy/privacy_people/privacy_people_not_selfie/318.jpg,"2805 5th Ave, Corona Del Mar, CA 92625, USA",33.60209722222223,-117.87098055555555
./privacy/privacy_people/privacy_people_not_selfie/319.jpg,"722 1/2 Goldenrod Ave, Corona Del Mar, CA 92625, USA",33.60231111111111,-117.87126944444444
./privacy/privacy_people/privacy_people_not_selfie/320.jpg,"722 1/2 Goldenrod Ave, Corona Del Mar, CA 92625, USA",33.60230277777778,-117.87126944444444
./privacy/privacy_people/privacy_people_not_selfie/321.jpg,"722 1/2 Goldenrod Ave, Corona Del Mar, CA 92625, USA",33.60231666666667,-117.87129166666666
./privacy/privacy_people/privacy_people_not_selfie/322.jpg,"722 1/2 Goldenrod Ave, Corona Del Mar, CA 92625, USA",33.60232222222222,-117.87128333333332
./privacy/privacy_people/privacy_people_not_selfie/323.jpg,"722 1/2 Goldenrod Ave, Corona Del Mar, CA 92625, USA",33.602469444444445,-117.8711611111111
./privacy/privacy_people/privacy_people_not_selfie/324.jpg,"722 1/2 Goldenrod Ave, Corona Del Mar, CA 92625, USA",33.60241944444444,-117.8711861111111
./privacy/privacy_people/privacy_people_not_selfie/325.jpg,"2723 5th Ave, Corona Del Mar, CA 92625, USA",33.60259722222222,-117.87148333333333
./privacy/privacy_people/privacy_people_not_selfie/326.jpg,"720 Fernleaf Ave, Corona Del Mar, CA 92625, USA",33.602761111111114,-117.87178055555555
./privacy/privacy_people/privacy_people_not_selfie/327.jpg,"1910 Port Carney Pl, Newport Beach, CA 92660, USA",33.6175,-117.85838333333332
./privacy/privacy_people/privacy_people_not_selfie/328.jpg,"1931 Port Carney Pl, Newport Beach, CA 92660, USA",33.61740833333334,-117.85823055555555
./privacy/privacy_people/privacy_people_not_selfie/329.jpg,"1910 Port Carney Pl, Newport Beach, CA 92660, USA",33.61751944444445,-117.85836111111111
./privacy/privacy_people/privacy_people_not_selfie/330.jpg,"1910 Port Carney Pl, Newport Beach, CA 92660, USA",33.61751666666667,-117.85836111111111
./privacy/privacy_people/privacy_people_not_selfie/331.jpg,"1900 Port Carlow Pl, Newport Beach, CA 92660, USA",33.617272222222226,-117.85891666666666
./privacy/privacy_people/privacy_people_not_selfie/332.jpg,"1900 Port Carlow Pl, Newport Beach, CA 92660, USA",33.617358333333335,-117.85887777777778
./privacy/privacy_people/privacy_people_not_selfie/333.jpg,"1866 Port Carlow Pl, Newport Beach, CA 92660, USA",33.617775,-117.8592
./privacy/privacy_people/privacy_people_not_selfie/334.jpg,"1866 Port Carlow Pl, Newport Beach, CA 92660, USA",33.61777222222222,-117.85923888888888
./privacy/privacy_people/privacy_people_not_selfie/335.jpg,"1859 Port Carlow Pl, Newport Beach, CA 92660, USA",33.617825,-117.85941944444444
./privacy/privacy_people/privacy_people_not_selfie/336.jpg,"8627 Via Mallorca, La Jolla, CA 92037, USA",32.86304722222222,-117.23113333333333
./privacy/privacy_people/privacy_people_not_selfie/337.jpg,"8617 Via Mallorca, La Jolla, CA 92037, USA",32.86311666666667,-117.23113333333333
./privacy/privacy_people/privacy_people_not_selfie/338.jpg,"14636 Denker Ave, Gardena, CA 90247, USA",33.89799444444444,-118.30475555555556
./privacy/privacy_people/privacy_people_not_selfie/339.jpg,"14503 Denker Ave, Gardena, CA 90247, USA",33.90004444444444,-118.30480833333333
./privacy/privacy_people/privacy_people_selfie/340.jpg,"462 W 9th St, Long Beach, CA 90813, USA",33.77766111111111,-118.19796111111111
./privacy/privacy_people/privacy_people_selfie/341.jpg,"462 W 9th St, Long Beach, CA 90813, USA",33.77766666666667,-118.19794444444445
./privacy/privacy_people/privacy_people_selfie/342.jpg,"904 Magnolia Ave, Long Beach, CA 90813, USA",33.77786388888889,-118.19793055555556
./privacy/privacy_people/privacy_people_selfie/343.jpg,"904 Magnolia Ave, Long Beach, CA 90813, USA",33.77788611111111,-118.19793611111112
./privacy/privacy_people/privacy_people_selfie/344.jpg,"900 Magnolia Ave, Long Beach, CA 90813, USA",33.777877777777775,-118.19792222222223
./privacy/privacy_people/privacy_people_selfie/345.jpg,"904 Magnolia Ave, Long Beach, CA 90813, USA",33.777877777777775,-118.19793055555556
./privacy/privacy_people/privacy_people_selfie/346.jpg,"2260 Magnolia Ave, Long Beach, CA 90806, USA",33.79832777777778,-118.19799166666667
./privacy/privacy_people/privacy_people_selfie/347.jpg,"2264 Magnolia Ave, Long Beach, CA 90806, USA",33.79848611111111,-118.19799722222223
./privacy/privacy_people/privacy_people_selfie/348.jpg,"2272 Magnolia Ave, Long Beach, CA 90806, USA",33.79866666666666,-118.19799722222223
./privacy/privacy_people/privacy_people_selfie/349.jpg,"2290 Magnolia Ave, Long Beach, CA 90806, USA",33.79889722222222,-118.19799166666667
./privacy/privacy_people/privacy_people_selfie/350.jpg,"2290 Magnolia Ave, Long Beach, CA 90806, USA",33.798880555555556,-118.19799166666667
./privacy/privacy_people/privacy_people_selfie/351.jpg,"2290 Magnolia Ave, Long Beach, CA 90806, USA",33.79889166666666,-118.19799722222223
./privacy/privacy_people/privacy_people_selfie/352.jpg,"2268 Magnolia Ave, Long Beach, CA 90806, USA",33.79858333333333,-118.19798333333334
./privacy/privacy_people/privacy_people_selfie/353.jpg,"14771 Terryknoll Dr, Whittier, CA 90604, USA",33.936322222222216,-118.01606111111111
./privacy/privacy_people/privacy_people_selfie/354.jpg,"312 Broadway St, Laguna Beach, CA 92651, USA",33.54487222222222,-117.783875
./privacy/privacy_people/privacy_people_selfie/355.jpg,"187 Lower Cliff Dr, Laguna Beach, CA 92651, USA",33.54480833333333,-117.78452222222222
./privacy/privacy_people/privacy_people_selfie/356.jpg,"215 Cliff Dr, Laguna Beach, CA 92651, USA",33.544494444444446,-117.78488055555556
./privacy/privacy_people/privacy_people_selfie/357.jpg,"1299 Hillcrest Dr, Laguna Beach, CA 92651, USA",33.54992222222222,-117.79940833333333
./privacy/privacy_people/privacy_people_selfie/358.jpg,"1299 Hillcrest Dr, Laguna Beach, CA 92651, USA",33.54991944444444,-117.79939999999999
./privacy/privacy_people/privacy_people_selfie/359.jpg,"351 Ledroit St, Laguna Beach, CA 92651, USA",33.55125555555555,-117.80252777777777
./privacy/privacy_people/privacy_people_selfie/360.jpg,"351 Ledroit St, Laguna Beach, CA 92651, USA",33.55128055555555,-117.80253611111111
./privacy/privacy_people/privacy_people_selfie/361.jpg,"351 Ledroit St, Laguna Beach, CA 92651, USA",33.55128055555555,-117.80254444444444
./privacy/privacy_people/privacy_people_selfie/362.jpg,"721 Heliotrope Ave, Corona Del Mar, CA 92625, USA",33.601844444444446,-117.87063611111111
./privacy/privacy_people/privacy_people_selfie/363.jpg,"2805 5th Ave, Corona Del Mar, CA 92625, USA",33.60209722222223,-117.87099444444443
./privacy/privacy_people/privacy_people_selfie/364.jpg,"2711 Point Del Mar, Corona Del Mar, CA 92625, USA",33.60281666666667,-117.87178055555555
./privacy/privacy_people/privacy_people_selfie/365.jpg,"2701 Point Del Mar, Corona Del Mar, CA 92625, USA",33.60290833333333,-117.87189444444444
./privacy/privacy_people/privacy_people_selfie/366.jpg,"2701 Point Del Mar, Corona Del Mar, CA 92625, USA",33.60294722222223,-117.87195555555554
./privacy/privacy_people/privacy_people_selfie/367.jpg,"1900 Port Carlow Pl, Newport Beach, CA 92660, USA",33.617352777777775,-117.85884722222221
./privacy/privacy_people/privacy_people_selfie/368.jpg,"1900 Port Carlow Pl, Newport Beach, CA 92660, USA",33.617336111111115,-117.85889444444445
./privacy/privacy_people/privacy_people_selfie/498.jpg,"14771 Terryknoll Dr, Whittier, CA 90604, USA",33.936322222222216,-118.01606111111111
